<?xml version="1.0" encoding="UTF-8"?>
<project-private xmlns="http://www.netbeans.org/ns/project-private/1">
    <editor-bookmarks xmlns="http://www.netbeans.org/ns/editor-bookmarks/2" lastBookmarkId="0"/>
    <open-files xmlns="http://www.netbeans.org/ns/projectui-open-files/2">
        <group>
            <file>file:/C:/Users/USUARIO/Documents/NetBeansProjects/ConversorMoneda/src/Controlador/ControladorTemperatura.java</file>
            <file>file:/C:/Users/USUARIO/Documents/NetBeansProjects/ConversorMoneda/src/Controlador/ControladorInicio.java</file>
            <file>file:/C:/Users/USUARIO/Documents/NetBeansProjects/ConversorMoneda/src/Controlador/ControladorCoversionTemp.java</file>
            <file>file:/C:/Users/USUARIO/Documents/NetBeansProjects/ConversorMoneda/src/conversormoneda/Seleccion.java</file>
            <file>file:/C:/Users/USUARIO/Documents/NetBeansProjects/ConversorMoneda/src/conversormoneda/Volver.java</file>
            <file>file:/C:/Users/USUARIO/Documents/NetBeansProjects/ConversorMoneda/src/Principal/Main.java</file>
            <file>file:/C:/Users/USUARIO/Documents/NetBeansProjects/ConversorMoneda/src/Controlador/ControladorConversion.java</file>
            <file>file:/C:/Users/USUARIO/Documents/NetBeansProjects/ConversorMoneda/src/conversormoneda/Inicio.java</file>
            <file>file:/C:/Users/USUARIO/Documents/NetBeansProjects/ConversorMoneda/src/Controlador/ControladorSeleccion.java</file>
            <file>file:/C:/Users/USUARIO/Documents/NetBeansProjects/ConversorMoneda/src/Controlador/ControladorVolver.java</file>
            <file>file:/C:/Users/USUARIO/Documents/NetBeansProjects/ConversorMoneda/src/conversormoneda/ADolar.java</file>
            <file>file:/C:/Users/USUARIO/Documents/NetBeansProjects/ConversorMoneda/src/conversormoneda/ConversorTemperatura.java</file>
            <file>file:/C:/Users/USUARIO/Documents/NetBeansProjects/ConversorMoneda/src/conversormoneda/Temperatura.java</file>
        </group>
    </open-files>
</project-private>
